{
  "2017_out_of_time": {
    "30min": {
      "n_days": 182,
      "overall": {
        "subset": "overall",
        "n": 51938,
        "xgb_rmse_log": 0.2645725241056144,
        "persist_rmse_log": 0.1462235545072983,
        "xgb_r_log": 0.9455320901548714,
        "persist_r_log": 0.9790540076445295,
        "xgb_rmse_raw": 110.00831307847258,
        "persist_rmse_raw": 109.88463915230341,
        "xgb_r_raw": 0.9786716002938074,
        "xgb_bias_raw": -6.324517313849786,
        "obs_mean_raw": 351.49844478994186,
        "pred_mean_raw": 345.1739274760921
      },
      "storm": {
        "subset": "storm(High)",
        "n": 14344,
        "xgb_rmse_log": 0.1684821686470707,
        "persist_rmse_log": 0.15491587005025462,
        "xgb_r_log": 0.945496543513879,
        "persist_r_log": 0.9530129770607941,
        "xgb_rmse_raw": 193.15404950097226,
        "persist_rmse_raw": 192.724679646493,
        "xgb_r_raw": 0.9652620712037754,
        "xgb_bias_raw": -16.354127197133135,
        "obs_mean_raw": 895.3732043851087,
        "pred_mean_raw": 879.0190771879757
      },
      "quiet": {
        "subset": "quiet",
        "n": 37594,
        "xgb_rmse_log": 0.29304578848762874,
        "persist_rmse_log": 0.14276758170065632,
        "xgb_r_log": 0.9111582068014012,
        "persist_r_log": 0.9717592730029005,
        "xgb_rmse_raw": 49.84197419807573,
        "persist_rmse_raw": 50.09858415868297,
        "xgb_r_raw": 0.9620515479845654,
        "xgb_bias_raw": -2.4977171817591217,
        "obs_mean_raw": 143.98289572272168,
        "pred_mean_raw": 141.48517854096258
      },
      "hss_1000pfu": {
        "xgb": {
          "hits": 4758,
          "false_alarms": 354,
          "misses": 627,
          "n_events_obs": 5385,
          "POD": 0.8835654596100279,
          "FAR": 0.06924882629107981,
          "HSS": 0.8960470570198559
        },
        "persist": {
          "hits": 4882,
          "false_alarms": 504,
          "misses": 503,
          "n_events_obs": 5385,
          "POD": 0.9065923862581244,
          "FAR": 0.09357593761604159,
          "HSS": 0.8956924709478027
        }
      }
    },
    "6h": {
      "n_days": 182,
      "overall": {
        "subset": "overall",
        "n": 51732,
        "xgb_rmse_log": 0.4116910628787804,
        "persist_rmse_log": 0.5443991945231275,
        "xgb_r_log": 0.8479615646027541,
        "persist_r_log": 0.7099385087479715,
        "xgb_rmse_raw": 334.707794350848,
        "persist_rmse_raw": 504.88272600787724,
        "xgb_r_raw": 0.8165771706656743,
        "xgb_bias_raw": 30.60036286774804,
        "obs_mean_raw": 351.2006585730302,
        "pred_mean_raw": 381.80102144077824
      },
      "storm": {
        "subset": "storm(High)",
        "n": 14333,
        "xgb_rmse_log": 0.3727382639468101,
        "persist_rmse_log": 0.5518419563175141,
        "xgb_r_log": 0.7261740003681391,
        "persist_r_log": 0.411324380212129,
        "xgb_rmse_raw": 579.0065584453187,
        "persist_rmse_raw": 888.1262212766126,
        "xgb_r_raw": 0.7082709793325473,
        "xgb_bias_raw": 110.785121260384,
        "obs_mean_raw": 854.8932749529059,
        "pred_mean_raw": 965.67839621329
      },
      "quiet": {
        "subset": "quiet",
        "n": 37399,
        "xgb_rmse_log": 0.4256757849349839,
        "persist_rmse_log": 0.5415196755044713,
        "xgb_r_log": 0.7785250316325164,
        "persist_r_log": 0.603886758122315,
        "xgb_rmse_raw": 162.7314077597546,
        "persist_rmse_raw": 224.2910659776893,
        "xgb_r_raw": 0.7271719552299234,
        "xgb_bias_raw": -0.13008826842272916,
        "obs_mean_raw": 158.16270914730342,
        "pred_mean_raw": 158.03262087888064
      },
      "hss_1000pfu": {
        "xgb": {
          "hits": 3646,
          "false_alarms": 2078,
          "misses": 1704,
          "n_events_obs": 5350,
          "POD": 0.6814953271028037,
          "FAR": 0.36303284416491965,
          "HSS": 0.6175964347970362
        },
        "persist": {
          "hits": 2244,
          "false_alarms": 3148,
          "misses": 3106,
          "n_events_obs": 5350,
          "POD": 0.4194392523364486,
          "FAR": 0.5838278931750742,
          "HSS": 0.3503515096855019
        }
      }
    },
    "12h": {
      "n_days": 181,
      "overall": {
        "subset": "overall",
        "n": 51588,
        "xgb_rmse_log": 0.4319365913080699,
        "persist_rmse_log": 0.7404291670666453,
        "xgb_r_log": 0.8370339434983908,
        "persist_r_log": 0.46376498015282225,
        "xgb_rmse_raw": 432.29302688984836,
        "persist_rmse_raw": 652.0119496830446,
        "xgb_r_raw": 0.7800317144436297,
        "xgb_bias_raw": 79.70503559761237,
        "obs_mean_raw": 349.71969162402115,
        "pred_mean_raw": 429.42472722163336
      },
      "storm": {
        "subset": "storm(High)",
        "n": 14333,
        "xgb_rmse_log": 0.40555900406430473,
        "persist_rmse_log": 0.7478787066134946,
        "xgb_r_log": 0.6972256747197713,
        "persist_r_log": -0.08544310529496177,
        "xgb_rmse_raw": 732.4297308719016,
        "persist_rmse_raw": 1124.2852328532197,
        "xgb_r_raw": 0.7087057614261877,
        "xgb_bias_raw": 270.069290168364,
        "obs_mean_raw": 806.8192888648573,
        "pred_mean_raw": 1076.8885790332213
      },
      "quiet": {
        "subset": "quiet",
        "n": 37255,
        "xgb_rmse_log": 0.44166533030458427,
        "persist_rmse_log": 0.7375430864269392,
        "xgb_r_log": 0.7758027345439167,
        "persist_r_log": 0.28311734356819424,
        "xgb_rmse_raw": 228.87978814553426,
        "persist_rmse_raw": 319.95794249200475,
        "xgb_r_raw": 0.6390417320220506,
        "xgb_bias_raw": 6.466789435685571,
        "obs_mean_raw": 173.86118867802975,
        "pred_mean_raw": 180.32797811371537
      },
      "hss_1000pfu": {
        "xgb": {
          "hits": 3474,
          "false_alarms": 2810,
          "misses": 1807,
          "n_events_obs": 5281,
          "POD": 0.6578299564476425,
          "FAR": 0.4471674092934437,
          "HSS": 0.5508068544161924
        },
        "persist": {
          "hits": 987,
          "false_alarms": 4419,
          "misses": 4294,
          "n_events_obs": 5281,
          "POD": 0.1868964211323613,
          "FAR": 0.8174250832408435,
          "HSS": 0.09051897534533737
        }
      }
    }
  },
  "2018_in_train": {
    "30min": {
      "n_days": 243,
      "overall": {
        "subset": "overall",
        "n": 69725,
        "xgb_rmse_log": 0.34049672471543085,
        "persist_rmse_log": 0.12088978863345017,
        "xgb_r_log": 0.9328530718222565,
        "persist_r_log": 0.9860855161056782,
        "xgb_rmse_raw": 80.8456178584391,
        "persist_rmse_raw": 83.5008619012016,
        "xgb_r_raw": 0.9822170635626297,
        "xgb_bias_raw": 2.2999080344114144,
        "obs_mean_raw": 215.34077475080676,
        "pred_mean_raw": 217.6406827852182
      },
      "storm": {
        "subset": "storm(High)",
        "n": 10864,
        "xgb_rmse_log": 0.13623808200115897,
        "persist_rmse_log": 0.1364795448393799,
        "xgb_r_log": 0.9524358531284708,
        "persist_r_log": 0.9531063428896696,
        "xgb_rmse_raw": 180.2199744607376,
        "persist_rmse_raw": 187.3502078603204,
        "xgb_r_raw": 0.9698216480353767,
        "xgb_bias_raw": -4.475271003438683,
        "obs_mean_raw": 877.1242161450664,
        "pred_mean_raw": 872.6489451416276
      },
      "quiet": {
        "subset": "quiet",
        "n": 58861,
        "xgb_rmse_log": 0.36593848106757476,
        "persist_rmse_log": 0.11778702993343901,
        "xgb_r_log": 0.8923718188826626,
        "persist_r_log": 0.980525102794938,
        "xgb_rmse_raw": 41.80504418159645,
        "persist_rmse_raw": 42.20013154878579,
        "xgb_r_raw": 0.9622274389639658,
        "xgb_bias_raw": 3.550405733519542,
        "obs_mean_raw": 93.1951213078269,