{
  "30min": {
    "__canonical__": {
      "log_rmse": 0.20098838434539595,
      "raw_rmse": 547.3760094044376,
      "hss": 0.8984358125735271,
      "storm_log_rmse": 0.28872934441248993,
      "storm_hss": 0.7473438047416285
    },
    "current": {
      "log_rmse": 0.20098838434539595,
      "raw_rmse": 547.3760094044376,
      "hss": 0.8984358125735271,
      "storm_log_rmse": 0.28872934441248993,
      "storm_hss": 0.7473438047416285,
      "best_iter": 370
    },
    "depth5": {
      "log_rmse": 0.19946687696393436,
      "raw_rmse": 532.3638784142618,
      "hss": 0.8984690910418366,
      "storm_log_rmse": 0.28608717402423745,
      "storm_hss": 0.7574023081993243,
      "best_iter": 554
    },
    "depth6": {
      "log_rmse": 0.2004717507087348,
      "raw_rmse": 542.111301986646,
      "hss": 0.8980692501433403,
      "storm_log_rmse": 0.290522693703498,
      "storm_hss": 0.7497942827402455,
      "best_iter": 414
    },
    "depth8": {
      "log_rmse": 0.20093972246686018,
      "raw_rmse": 542.2451806938718,
      "hss": 0.8977976450938746,
      "storm_log_rmse": 0.2886380080407901,
      "storm_hss": 0.739511393969102,
      "best_iter": 274
    },
    "lr0.02": {
      "log_rmse": 0.2014180582372643,
      "raw_rmse": 546.7862365982886,
      "hss": 0.8973170088340244,
      "storm_log_rmse": 0.29242645107602355,
      "storm_hss": 0.743710160838777,
      "best_iter": 535
    },
    "lr0.05": {
      "log_rmse": 0.2005294094459006,
      "raw_rmse": 542.4532339808923,
      "hss": 0.8984167212574891,
      "storm_log_rmse": 0.2883569748446632,
      "storm_hss": 0.7491369164877709,
      "best_iter": 222
    },
    "lam0.5": {
      "log_rmse": 0.20023257966584002,
      "raw_rmse": 555.6769506854728,
      "hss": 0.8990552193072521,
      "storm_log_rmse": 0.28707801470613825,
      "storm_hss": 0.7514404816234524,
      "best_iter": 296
    },
    "lam2.0": {
      "log_rmse": 0.20006355535556175,
      "raw_rmse": 537.569289166857,
      "hss": 0.898567089011639,
      "storm_log_rmse": 0.2865639926166446,
      "storm_hss": 0.7536066373521313,
      "best_iter": 348
    },
    "lam3.0": {
      "log_rmse": 0.19963227555008206,
      "raw_rmse": 538.55886022094,
      "hss": 0.8987165848273918,
      "storm_log_rmse": 0.2833946339272956,
      "storm_hss": 0.7489389397093772,
      "best_iter": 344
    },
    "mcw3": {
      "log_rmse": 0.20039432527013337,
      "raw_rmse": 551.609581637829,
      "hss": 0.8987446910211841,
      "storm_log_rmse": 0.2878704147162681,
      "storm_hss": 0.7452384192073529,
      "best_iter": 295
    },
    "mcw10": {
      "log_rmse": 0.19984453106208716,
      "raw_rmse": 553.4651116126311,
      "hss": 0.8983122585044174,
      "storm_log_rmse": 0.2831445287351052,
      "storm_hss": 0.7461011980205658,
      "best_iter": 366
    },
    "d6_lr02_lam2": {
      "log_rmse": 0.20052339799141203,
      "raw_rmse": 534.0776117864398,
      "hss": 0.8984269813981116,
      "storm_log_rmse": 0.29080543854797497,
      "storm_hss": 0.7498598455265599,
      "best_iter": 788
    }
  },
  "6h": {
    "__canonical__": {
      "log_rmse": 0.34172670754629,
      "raw_rmse": 1348.9116893047524,
      "hss": 0.7022683018009053,
      "storm_log_rmse": 0.3813244565738643,
      "storm_hss": 0.625322382748268
    },
    "current": {
      "log_rmse": 0.34172670754629,
      "raw_rmse": 1348.9116893047524,
      "hss": 0.7022683018009053,
      "storm_log_rmse": 0.3813244565738643,
      "storm_hss": 0.625322382748268,
      "best_iter": 910
    },
    "depth5": {
      "log_rmse": 0.3412487245591544,
      "raw_rmse": 1347.1581667168114,
      "hss": 0.7097419290217523,
      "storm_log_rmse": 0.3887208417658759,
      "storm_hss": 0.6495378375193264,
      "best_iter": 663
    },
    "depth6": {
      "log_rmse": 0.34150882884213063,
      "raw_rmse": 1340.1744720189174,
      "hss": 0.7069324635594171,
      "storm_log_rmse": 0.38516434253667636,
      "storm_hss": 0.6375014516934575,
      "best_iter": 946
    },
    "depth8": {
      "log_rmse": 0.3449754632223914,
      "raw_rmse": 1339.8121250512681,
      "hss": 0.6969306709149392,
      "storm_log_rmse": 0.38543231038214715,
      "storm_hss": 0.612335140109003,
      "best_iter": 751
    },
    "lr0.02": {
      "log_rmse": 0.3422312079245654,
      "raw_rmse": 1352.7662975288238,
      "hss": 0.7003716090885165,
      "storm_log_rmse": 0.3845535436414434,
      "storm_hss": 0.6271776796975854,
      "best_iter": 1240
    },
    "lr0.05": {
      "log_rmse": 0.3460254073646647,
      "raw_rmse": 1349.3438879610203,
      "hss": 0.6900866941546928,
      "storm_log_rmse": 0.395739442735505,
      "storm_hss": 0.610854862258286,
      "best_iter": 414
    },
    "lam0.5": {
      "log_rmse": 0.3431167585729745,
      "raw_rmse": 1349.5021846340169,
      "hss": 0.7036107462855115,
      "storm_log_rmse": 0.3863554388545257,
      "storm_hss": 0.6092825524340512,
      "best_iter": 671
    },
    "lam2.0": {
      "log_rmse": 0.34285387246568905,
      "raw_rmse": 1330.8839381461155,
      "hss": 0.7045955731941996,
      "storm_log_rmse": 0.3830386965423985,
      "storm_hss": 0.6219308024358596,
      "best_iter": 832
    },
    "lam3.0": {
      "log_rmse": 0.34251828716796867,
      "raw_rmse": 1307.8702923268493,
      "hss": 0.7047793803432896,
      "storm_log_rmse": 0.38398580287786716,
      "storm_hss": 0.6271142492274312,
      "best_iter": 835
    },
    "mcw3": {
      "log_rmse": 0.3433929734199688,
      "raw_rmse": 1354.9848187836315,
      "hss": 0.7033622444048842,
      "storm_log_rmse": 0.3845359987699915,
      "storm_hss": 0.6183393535034907,
      "best_iter": 718
    },
    "mcw10": {
      "log_rmse": 0.3425155282409461,
      "raw_rmse": 1354.8388237985273,
      "hss": 0.7023598744438749,
      "storm_log_rmse": 0.3840865336204433,
      "storm_hss": 0.6189851205765431,
      "best_iter": 653
    },
    "d6_lr02_lam2": {
      "log_rmse": 0.3400450402432497,
      "raw_rmse": 1327.8789215012614,
      "hss": 0.7074652871830566,
      "storm_log_rmse": 0.3827513709496631,
      "storm_hss": 0.646376978661155,
      "best_iter": 989
    }
  },
  "12h": {
    "__canonical__": {
      "log_rmse": 0.38133860913449164,
      "raw_rmse": 1518.0784122641035,
      "hss": 0.6647331678881435,
      "storm_log_rmse": 0.4309420877539875,
      "storm_hss": 0.6602508317311762
    },
    "current": {
      "log_rmse": 0.38133860913449164,
      "raw_rmse": 1518.0784122641035,
      "hss": 0.6647331678881435,
      "storm_log_rmse": 0.4309420877539875,
      "storm_hss": 0.6602508317311762,
      "best_iter": 518
    },
    "depth5": {
      "log_rmse": 0.38414890255145734,
      "raw_rmse": 1479.3678289315535,
      "hss": 0.6664721345978043,
      "storm_log_rmse": 0.4515461663425168,
      "storm_hss": 0.6344876434102807,
      "best_iter": 565
    },
    "depth6": {
      "log_rmse": 0.37973338971535087,
      "raw_rmse": 1464.8946934824703,
      "hss": 0.6654767778622402,
      "storm_log_rmse": 0.4361118499531765,
      "storm_hss": 0.6254871672138442,
      "best_iter": 419
    },
    "depth8": {
      "log_rmse": 0.3837045639272483,
      "raw_rmse": 1503.9501583563722,
      "hss": 0.6609756790751532,
      "storm_log_rmse": 0.42436999326978364,
      "storm_hss": 0.6581364971921752,
      "best_iter": 702
    },
    "lr0.02": {
      "log_rmse": 0.37897768314139124,
      "raw_rmse": 1469.465186416607,
      "hss": 0.6654228977171817,
      "storm_log_rmse": 0.4218495934882363,
      "storm_hss": 0.6412405324713735,
      "best_iter": 700
    },
    "lr0.05": {
      "log_rmse": 0.3849379582612495,
      "raw_rmse": 1480.7165925579702,
      "hss": 0.6591786203370813,
      "storm_log_rmse": 0.44122674314319726,
      "storm_hss": 0.6189643364099855,
      "best_iter": 242
    },
    "lam0.5": {
      "log_rmse": 0.385324726051601,
      "raw_rmse": 1520.786077781429,
      "hss": 0.6601132376854308,